BER_Bob,BER_KPA,BER_LR,core_count,geometry,obs_dim,option,scheme
0.0,0.0,0.0,13,13-core,13,FO,Linear
0.0,0.265,0.26625,13,13-core,6,WT,Linear
0.003942307692307692,0.2276923076923077,0.21759615384615386,13,13-core,13,FO,Protected2
0.0,0.27403846153846156,0.2743269230769231,13,13-core,6,WT,Protected2
0.0,0.0,0.0,19,19-core,19,FO,Linear
0.0,0.10631578947368421,0.11197368421052632,19,19-core,12,WT,Linear
0.0,0.45822368421052634,0.3865789473684211,19,19-core,19,FO,Protected2
0.0,0.4255921052631579,0.42078947368421055,19,19-core,12,WT,Protected2
0.0,0.0,0.0,37,37-core,37,FO,Linear
0.0,0.1760810810810811,0.19783783783783784,37,37-core,18,WT,Linear
0.0,0.48760135135135135,0.43905405405405407,37,37-core,37,FO,Protected2
0.0,0.45797297297297296,0.451722972972973,37,37-core,18,WT,Protected2
