BER_Bob,BER_Eve_FO,BER_Eve_WT,fab_tol_frac,seed
0.0,0.43783783783783786,0.4598648648648649,0.0,42
0.14924324324324326,0.43613513513513513,0.4541891891891892,0.001,42
0.5154864864864865,0.4027027027027027,0.44210810810810813,0.003,42
0.49894594594594593,0.23837837837837839,0.3461351351351351,0.01,42
0.47035135135135137,0.1520810810810811,0.2891081081081081,0.03,42
0.0,0.43486486486486486,0.4558378378378378,0.0,43
0.18602702702702703,0.43789189189189187,0.4592432432432432,0.001,43
0.4805135135135135,0.41667567567567565,0.4444324324324324,0.003,43
0.5149189189189189,0.25610810810810813,0.3515675675675676,0.01,43
0.5091351351351351,0.1268108108108108,0.29943243243243245,0.03,43
0.0,0.4312162162162162,0.45137837837837835,0.0,44
0.261027027027027,0.4371891891891892,0.4518108108108108,0.001,44
0.5123783783783784,0.4094864864864865,0.44497297297297295,0.003,44
0.510054054054054,0.317,0.40202702702702703,0.01,44
0.5064054054054054,0.14824324324324326,0.29086486486486485,0.03,44
0.0,0.4424324324324324,0.45416216216216215,0.0,45
0.29286486486486485,0.4331621621621622,0.4582702702702703,0.001,45
0.49354054054054053,0.4197027027027027,0.4436756756756757,0.003,45
0.5008648648648648,0.2791081081081081,0.37616216216216214,0.01,45
0.5177297297297297,0.14916216216216216,0.2949189189189189,0.03,45
0.0001891891891891892,0.4356216216216216,0.4538108108108108,0.0,46
0.2245135135135135,0.43194594594594593,0.4527027027027027,0.001,46
0.48902702702702705,0.4165405405405405,0.44405405405405407,0.003,46
0.4865945945945946,0.25267567567567567,0.3541351351351351,0.01,46
0.5154324324324324,0.1607027027027027,0.29221621621621624,0.03,46
