BER_KPA,BER_LR,n_obs,option,scheme
0.24776923076923077,0.24776923076923077,5,FO,Linear
0.08438461538461539,0.08438461538461539,10,FO,Linear
0.0,0.0,20,FO,Linear
0.0,0.0,50,FO,Linear
0.0,0.0,100,FO,Linear
0.0,0.0,200,FO,Linear
0.0,0.0,400,FO,Linear
0.30146153846153845,0.3008461538461538,5,WT,Linear
0.27192307692307693,0.2733076923076923,10,WT,Linear
0.2692307692307692,0.27415384615384614,20,WT,Linear
0.2670769230769231,0.2663846153846154,50,WT,Linear
0.2693846153846154,0.2690769230769231,100,WT,Linear
0.269,0.2633846153846154,200,WT,Linear
0.2650769230769231,0.2684615384615385,400,WT,Linear
0.42815384615384616,0.42815384615384616,5,FO,Protected2
0.3474615384615385,0.3475384615384615,10,FO,Protected2
0.254,0.2551538461538462,20,FO,Protected2
0.24253846153846154,0.22384615384615383,50,FO,Protected2
0.23215384615384616,0.2236153846153846,100,FO,Protected2
0.227,0.2173076923076923,200,FO,Protected2
0.22392307692307692,0.20876923076923076,400,FO,Protected2
0.33153846153846156,0.3433846153846154,5,WT,Protected2
0.27284615384615385,0.2663846153846154,10,WT,Protected2
0.2673846153846154,0.26715384615384613,20,WT,Protected2
0.2716153846153846,0.2660769230769231,50,WT,Protected2
0.266,0.26069230769230767,100,WT,Protected2
0.26346153846153847,0.26646153846153847,200,WT,Protected2
0.2682307692307692,0.2662307692307692,400,WT,Protected2
0.47492307692307695,0.47492307692307695,5,FO,Protected3
0.4756153846153846,0.4756923076923077,10,FO,Protected3
0.47007692307692306,0.4123076923076923,20,FO,Protected3
0.43776923076923074,0.39576923076923076,50,FO,Protected3
0.4259230769230769,0.3873076923076923,100,FO,Protected3
0.41207692307692306,0.3753076923076923,200,FO,Protected3
0.42446153846153845,0.3766923076923077,400,FO,Protected3
0.42730769230769233,0.4288461538461538,5,WT,Protected3
0.4176923076923077,0.418,10,WT,Protected3
0.3960769230769231,0.39715384615384614,20,WT,Protected3
0.3843076923076923,0.3860769230769231,50,WT,Protected3
0.382,0.38061538461538463,100,WT,Protected3
0.37723076923076926,0.38176923076923075,200,WT,Protected3
0.374,0.3782307692307692,400,WT,Protected3
