BER_LSTM,option,scheme,train_size
0.4648076923076923,FO,Linear,250
0.4263461538461538,FO,Linear,500
0.39009615384615387,FO,Linear,1000
0.48144230769230767,WT,Linear,250
0.46076923076923076,WT,Linear,500
0.4410576923076923,WT,Linear,1000
0.48740384615384613,FO,Protected2,250
0.4778846153846154,FO,Protected2,500
0.4732692307692308,FO,Protected2,1000
0.48923076923076925,WT,Protected2,250
0.47673076923076924,WT,Protected2,500
0.47057692307692306,WT,Protected2,1000
0.4994230769230769,FO,Protected3,250
0.4994230769230769,FO,Protected3,500
0.4868269230769231,FO,Protected3,1000
0.4939423076923077,WT,Protected3,250
0.47471153846153846,WT,Protected3,500
0.5072115384615384,WT,Protected3,1000
