BER_LSTM,config,option,scheme,seed,window
0.4961148648648649,37-core P2,FO,Protected2,42,4
0.4960472972972973,37-core P2,FO,Protected2,42,8
0.4956081081081081,37-core P2,FO,Protected2,42,16
0.49675675675675673,37-core P2,FO,Protected2,42,32
0.49804054054054053,37-core P2,WT,Protected2,42,4
0.49597972972972976,37-core P2,WT,Protected2,42,8
0.49277027027027026,37-core P2,WT,Protected2,42,16
0.4922297297297297,37-core P2,WT,Protected2,42,32
0.35509615384615384,13-core Linear,FO,Linear,42,4
0.36730769230769234,13-core Linear,FO,Linear,42,8
0.3683653846153846,13-core Linear,FO,Linear,42,16
0.36153846153846153,13-core Linear,FO,Linear,42,32
0.492972972972973,37-core P2,FO,Protected2,43,4
0.4954054054054054,37-core P2,FO,Protected2,43,8
0.5013513513513513,37-core P2,FO,Protected2,43,16
0.5019594594594594,37-core P2,FO,Protected2,43,32
0.4962837837837838,37-core P2,WT,Protected2,43,4
0.49597972972972976,37-core P2,WT,Protected2,43,8
0.49358108108108106,37-core P2,WT,Protected2,43,16
0.49543918918918917,37-core P2,WT,Protected2,43,32
0.35884615384615387,13-core Linear,FO,Linear,43,4
0.3689423076923077,13-core Linear,FO,Linear,43,8
0.3727884615384615,13-core Linear,FO,Linear,43,16
0.38221153846153844,13-core Linear,FO,Linear,43,32
0.4956081081081081,37-core P2,FO,Protected2,44,4
0.49618243243243243,37-core P2,FO,Protected2,44,8
0.495,37-core P2,FO,Protected2,44,16
0.49908783783783783,37-core P2,FO,Protected2,44,32
0.49864864864864866,37-core P2,WT,Protected2,44,4
0.49429054054054056,37-core P2,WT,Protected2,44,8
0.49462837837837836,37-core P2,WT,Protected2,44,16
0.49804054054054053,37-core P2,WT,Protected2,44,32
0.37798076923076923,13-core Linear,FO,Linear,44,4
0.38509615384615387,13-core Linear,FO,Linear,44,8
0.3842307692307692,13-core Linear,FO,Linear,44,16
0.385,13-core Linear,FO,Linear,44,32
0.4973310810810811,37-core P2,FO,Protected2,45,4
0.49486486486486486,37-core P2,FO,Protected2,45,8
0.49283783783783786,37-core P2,FO,Protected2,45,16
0.4975,37-core P2,FO,Protected2,45,32
0.4919256756756757,37-core P2,WT,Protected2,45,4
0.4952364864864865,37-core P2,WT,Protected2,45,8
0.49625,37-core P2,WT,Protected2,45,16
0.4935472972972973,37-core P2,WT,Protected2,45,32
0.34923076923076923,13-core Linear,FO,Linear,45,4
0.35009615384615383,13-core Linear,FO,Linear,45,8
0.3621153846153846,13-core Linear,FO,Linear,45,16
0.34423076923076923,13-core Linear,FO,Linear,45,32
0.4936824324324324,37-core P2,FO,Protected2,46,4
0.49614864864864866,37-core P2,FO,Protected2,46,8
0.49300675675675676,37-core P2,FO,Protected2,46,16
0.495,37-core P2,FO,Protected2,46,32
0.4912162162162162,37-core P2,WT,Protected2,46,4
0.49138513513513515,37-core P2,WT,Protected2,46,8
0.49777027027027027,37-core P2,WT,Protected2,46,16
0.49577702702702703,37-core P2,WT,Protected2,46,32
0.3672115384615385,13-core Linear,FO,Linear,46,4
0.3811538461538462,13-core Linear,FO,Linear,46,8
0.3758653846153846,13-core Linear,FO,Linear,46,16
0.36240384615384613,13-core Linear,FO,Linear,46,32
