BER_LSTM_ci95,BER_LSTM_mean,BER_LSTM_std,config,option,scheme,window
0.0014019585277958888,0.4951418918918919,0.0015994258009118041,37-core P2,FO,Protected2,4
0.0004528337204519789,0.49572972972972973,0.0005166158068544703,37-core P2,FO,Protected2,8
0.0027097630375188244,0.4955608108108108,0.003091435895310411,37-core P2,FO,Protected2,16
0.002060812054939799,0.49806081081081083,0.0023510795120900117,37-core P2,FO,Protected2,32
0.0027080797214890347,0.4952229729729729,0.0030895154825194794,37-core P2,WT,Protected2,4
0.0014998930373355884,0.49457432432432435,0.0017111544849290846,37-core P2,WT,Protected2,8
0.0015855431147055675,0.495,0.0018088684621114263,37-core P2,WT,Protected2,16
0.0017454373537541242,0.49500675675675676,0.0019912839660518214,37-core P2,WT,Protected2,32
0.008788792257705973,0.36167307692307693,0.010026702514466534,13-core Linear,FO,Linear,4
0.010774542459292682,0.37051923076923077,0.012292147635426633,13-core Linear,FO,Linear,8
0.006486450821547556,0.3726730769230769,0.007400073964127394,13-core Linear,FO,Linear,16
0.013146631696766064,0.367076923076923,0.014998348035266491,13-core Linear,FO,Linear,32
