BER_Bob,BER_Eve_best,BER_KPA_CE,BER_KPA_LR,BER_KPA_LSTM,option,seed,sigma_pn
0.0,0.44172297297297297,0.48317567567567565,0.44172297297297297,0.4994256756756757,FO,42,0.0
0.0,0.46388513513513513,0.4741554054054054,0.46388513513513513,0.49050675675675676,WT,42,0.0
0.0,0.43736486486486487,0.4884459459459459,0.43736486486486487,0.49969594594594596,FO,42,0.01
0.0,0.4484121621621622,0.4643243243243243,0.4484121621621622,0.4905405405405405,WT,42,0.01
0.05797297297297297,0.46010135135135133,0.4868918918918919,0.46010135135135133,0.5022635135135135,FO,42,0.05
0.05797297297297297,0.47091216216216214,0.47216216216216217,0.47091216216216214,0.49743243243243246,WT,42,0.05
0.5219594594594594,0.49648648648648647,0.4975675675675676,0.49956081081081083,0.49648648648648647,FO,42,0.1
0.5219594594594594,0.49858108108108107,0.5047972972972973,0.49858108108108107,0.49929054054054056,WT,42,0.1
0.0,0.43253378378378377,0.48381756756756755,0.43253378378378377,0.4979054054054054,FO,43,0.0
0.0,0.4527702702702703,0.4618918918918919,0.4527702702702703,0.4936148648648649,WT,43,0.0
0.0,0.4389527027027027,0.48219594594594595,0.4389527027027027,0.49986486486486487,FO,43,0.01
0.0,0.4533108108108108,0.4643243243243243,0.4533108108108108,0.49135135135135133,WT,43,0.01
0.14216216216216215,0.4539864864864865,0.4931418918918919,0.4539864864864865,0.49743243243243246,FO,43,0.05
0.14216216216216215,0.46942567567567567,0.4725,0.46942567567567567,0.49996621621621623,WT,43,0.05
0.039527027027027026,0.43834459459459457,0.4822635135135135,0.43834459459459457,0.4946621621621622,FO,43,0.1
0.039527027027027026,0.4572972972972973,0.46912162162162163,0.4572972972972973,0.49293918918918916,WT,43,0.1
0.0,0.44155405405405407,0.4902364864864865,0.44155405405405407,0.4953716216216216,FO,44,0.0
0.0,0.45652027027027026,0.4633108108108108,0.45652027027027026,0.4916554054054054,WT,44,0.0
0.0010135135135135136,0.4360472972972973,0.4828040540540541,0.4360472972972973,0.4972972972972973,FO,44,0.01
0.0010135135135135136,0.45925675675675676,0.46530405405405406,0.45925675675675676,0.49851351351351353,WT,44,0.01
0.2106756756756757,0.4586486486486486,0.48945945945945946,0.4586486486486486,0.4984797297297297,FO,44,0.05
0.2106756756756757,0.4741891891891892,0.4831418918918919,0.4741891891891892,0.495,WT,44,0.05
0.4181081081081081,0.4535472972972973,0.4891891891891892,0.4535472972972973,0.49888513513513516,FO,44,0.1
0.4181081081081081,0.46780405405405406,0.47736486486486485,0.46780405405405406,0.4952027027027027,WT,44,0.1
0.0,0.43810810810810813,0.48179054054054055,0.43810810810810813,0.49682432432432433,FO,45,0.0
0.0,0.45837837837837836,0.4616216216216216,0.45837837837837836,0.4927364864864865,WT,45,0.0
0.0,0.43503378378378377,0.48016891891891894,0.43503378378378377,0.49239864864864863,FO,45,0.01
0.0,0.4546959459459459,0.46283783783783783,0.4546959459459459,0.4883108108108108,WT,45,0.01
0.05010135135135135,0.43858108108108107,0.4885472972972973,0.43858108108108107,0.4943243243243243,FO,45,0.05
0.05010135135135135,0.4549324324324324,0.46152027027027026,0.4549324324324324,0.49172297297297296,WT,45,0.05
0.20520270270270272,0.4702702702702703,0.4915202702702703,0.4702702702702703,0.5006418918918919,FO,45,0.1
0.20520270270270272,0.4739189189189189,0.47695945945945944,0.4739189189189189,0.5010135135135135,WT,45,0.1
6.756756756756757e-05,0.4333108108108108,0.4864189189189189,0.4333108108108108,0.49398648648648646,FO,46,0.0
6.756756756756757e-05,0.4539527027027027,0.46364864864864863,0.4539527027027027,0.49472972972972973,WT,46,0.0
0.00013513513513513514,0.43472972972972973,0.48638513513513515,0.43472972972972973,0.49763513513513513,FO,46,0.01
0.00013513513513513514,0.4562162162162162,0.4660810810810811,0.4562162162162162,0.49658783783783783,WT,46,0.01
0.014493243243243243,0.4575,0.48712837837837836,0.4575,0.4985472972972973,FO,46,0.05
0.014493243243243243,0.47195945945945944,0.4817567567567568,0.47195945945945944,0.4916216216216216,WT,46,0.05
0.2189527027027027,0.48736486486486486,0.49962837837837837,0.48736486486486486,0.5035810810810811,FO,46,0.1
0.2189527027027027,0.4915878378378378,0.4915878378378378,0.49422297297297296,0.5034797297297298,WT,46,0.1
