BER_KPA_CE,BER_KPA_LR,n_obs,option,scheme,seed
0.36922297297297296,0.36922297297297296,5,FO,Linear,42
0.30760135135135136,0.30760135135135136,10,FO,Linear,42
0.18280405405405406,0.18280405405405406,20,FO,Linear,42
0.0,0.0,50,FO,Linear,42
0.0,0.0,100,FO,Linear,42
0.0,0.0,200,FO,Linear,42
0.0,0.0,400,FO,Linear,42
0.0,0.0,800,FO,Linear,42
0.3989189189189189,0.39902027027027026,5,WT,Linear,42
0.3726689189189189,0.37287162162162163,10,WT,Linear,42
0.3574662162162162,0.36925675675675673,20,WT,Linear,42
0.17185810810810812,0.23628378378378379,50,WT,Linear,42
0.16986486486486488,0.20489864864864865,100,WT,Linear,42
0.16972972972972972,0.19087837837837837,200,WT,Linear,42
0.16986486486486488,0.1818581081081081,400,WT,Linear,42
0.16952702702702702,0.17679054054054055,800,WT,Linear,42
0.48898648648648646,0.48898648648648646,5,FO,Protected2,42
0.4900675675675676,0.4900675675675676,10,FO,Protected2,42
0.4828716216216216,0.4828716216216216,20,FO,Protected2,42
0.49280405405405403,0.47831081081081084,50,FO,Protected2,42
0.4908783783783784,0.46077702702702705,100,FO,Protected2,42
0.4885135135135135,0.4410472972972973,200,FO,Protected2,42
0.46800675675675674,0.42375,400,FO,Protected2,42
0.4527364864864865,0.4052702702702703,800,FO,Protected2,42
0.4966891891891892,0.4966554054054054,5,WT,Protected2,42
0.49510135135135136,0.49513513513513513,10,WT,Protected2,42
0.4914189189189189,0.49219594594594596,20,WT,Protected2,42
0.4835472972972973,0.48027027027027025,50,WT,Protected2,42
0.47010135135135134,0.4675,100,WT,Protected2,42
0.4604391891891892,0.4554391891891892,200,WT,Protected2,42
0.44844594594594595,0.4441891891891892,400,WT,Protected2,42
0.43945945945945947,0.43716216216216214,800,WT,Protected2,42
0.36800675675675676,0.36800675675675676,5,FO,Linear,43
0.30108108108108106,0.30108108108108106,10,FO,Linear,43
0.17810810810810812,0.17810810810810812,20,FO,Linear,43
0.0,0.0,50,FO,Linear,43
0.0,0.0,100,FO,Linear,43
0.0,0.0,200,FO,Linear,43
0.0,0.0,400,FO,Linear,43
0.0,0.0,800,FO,Linear,43
0.4112837837837838,0.41155405405405404,5,WT,Linear,43
0.38152027027027025,0.3821283783783784,10,WT,Linear,43
0.3622297297297297,0.37929054054054057,20,WT,Linear,43
0.17652027027027026,0.24827702702702703,50,WT,Linear,43
0.17527027027027026,0.21695945945945946,100,WT,Linear,43
0.17489864864864865,0.19844594594594595,200,WT,Linear,43
0.17537162162162162,0.18658783783783783,400,WT,Linear,43
0.175,0.1804054054054054,800,WT,Linear,43
0.4935135135135135,0.4935135135135135,5,FO,Protected2,43
0.49293918918918916,0.49293918918918916,10,FO,Protected2,43
0.48783783783783785,0.48783783783783785,20,FO,Protected2,43
0.49841216216216216,0.4786148648648649,50,FO,Protected2,43
0.48712837837837836,0.44787162162162164,100,FO,Protected2,43
0.4852364864864865,0.4311824324324324,200,FO,Protected2,43
0.470777027027027,0.40888513513513514,400,FO,Protected2,43
0.4413851351351351,0.4006081081081081,800,FO,Protected2,43
0.48864864864864865,0.48858108108108106,5,WT,Protected2,43
0.4920608108108108,0.49202702702702705,10,WT,Protected2,43
0.4886148648648649,0.4854391891891892,20,WT,Protected2,43
0.4842567567567568,0.47875,50,WT,Protected2,43
0.47486486486486484,0.4702702702702703,100,WT,Protected2,43
0.46344594594594596,0.4593918918918919,200,WT,Protected2,43
0.4534797297297297,0.44868243243243244,400,WT,Protected2,43
0.44577702702702704,0.43966216216216214,800,WT,Protected2,43
0.3695945945945946,0.3695945945945946,5,FO,Linear,44
0.3007094594594595,0.3007094594594595,10,FO,Linear,44
0.17996621621621622,0.17996621621621622,20,FO,Linear,44
0.0,0.0,50,FO,Linear,44
0.0,0.0,100,FO,Linear,44
0.0,0.0,200,FO,Linear,44
0.0,0.0,400,FO,Linear,44
0.0,0.0,800,FO,Linear,44
0.40033783783783783,0.4005743243243243,5,WT,Linear,44
0.3731418918918919,0.37344594594594593,10,WT,Linear,44
0.3697972972972973,0.38199324324324324,20,WT,Linear,44
0.1777027027027027,0.23777027027027026,50,WT,Linear,44
0.17614864864864865,0.2129054054054054,100,WT,Linear,44
0.1758445945945946,0.19577702702702704,200,WT,Linear,44
0.17516891891891892,0.1864527027027027,400,WT,Linear,44
0.1752027027027027,0.1822972972972973,800,WT,Linear,44
0.4928716216216216,0.4928716216216216,5,FO,Protected2,44
0.49364864864864866,0.49364864864864866,10,FO,Protected2,44
0.4895945945945946,0.4895945945945946,20,FO,Protected2,44
0.49449324324324323,0.4824662162162162,50,FO,Protected2,44
0.48638513513513515,0.4564527027027027,100,FO,Protected2,44
0.47993243243243244,0.43364864864864866,200,FO,Protected2,44
0.47114864864864864,0.4192567567567568,400,FO,Protected2,44
0.4508445945945946,0.40516891891891893,800,FO,Protected2,44
0.49239864864864863,0.49219594594594596,5,WT,Protected2,44
0.49108108108108106,0.4911824324324324,10,WT,Protected2,44
0.49597972972972976,0.49375,20,WT,Protected2,44
0.4804391891891892,0.4744256756756757,50,WT,Protected2,44
0.4749662162162162,0.46692567567567567,100,WT,Protected2,44
0.4584121621621622,0.452027027027027,200,WT,Protected2,44
0.45077702702702704,0.4444256756756757,400,WT,Protected2,44
0.44722972972972974,0.43834459459459457,800,WT,Protected2,44
0.3637837837837838,0.3637837837837838,5,FO,Linear,45
0.29905405405405405,0.29905405405405405,10,FO,Linear,45
0.17293918918918919,0.17293918918918919,20,FO,Linear,45
0.0,0.0,50,FO,Linear,45
0.0,0.0,100,FO,Linear,45
0.0,0.0,200,FO,Linear,45
0.0,0.0,400,FO,Linear,45
0.0,0.0,800,FO,Linear,45
0.40557432432432433,0.40564189189189187,5,WT,Linear,45
0.38496621621621624,0.3851689189189189,10,WT,Linear,45
0.36486486486486486,0.37861486486486484,20,WT,Linear,45
0.17516891891891892,0.24138513513513513,50,WT,Linear,45
0.17270270270270272,0.21219594594594596,100,WT,Linear,45
0.17293918918918919,0.19162162162162164,200,WT,Linear,45
0.17324324324324325,0.18091216216216216,400,WT,Linear,45
0.17314189189189189,0.17891891891891892,800,WT,Linear,45
0.494527027027027,0.494527027027027,5,FO,Protected2,45
0.4928716216216216,0.4928716216216216,10,FO,Protected2,45
0.4827364864864865,0.4827364864864865,20,FO,Protected2,45
0.49050675675675676,0.4779054054054054,50,FO,Protected2,45
0.48567567567567566,0.4552364864864865,100,FO,Protected2,45
0.4806081081081081,0.43054054054054053,200,FO,Protected2,45
0.4718243243243243,0.41726351351351354,400,FO,Protected2,45
0.45287162162162165,0.4041554054054054,800,FO,Protected2,45
0.4923310810810811,0.4921621621621622,5,WT,Protected2,45
0.4871621621621622,0.4872972972972973,10,WT,Protected2,45
0.49381756756756756,0.49527027027027026,20,WT,Protected2,45
0.48429054054054055,0.48162162162162164,50,WT,Protected2,45
0.4775675675675676,0.47111486486486487,100,WT,Protected2,45
0.46878378378378377,0.46077702702702705,200,WT,Protected2,45
0.4573648648648649,0.4459121621621622,400,WT,Protected2,45
0.4445945945945946,0.43858108108108107,800,WT,Protected2,45
0.3643243243243243,0.3643243243243243,5,FO,Linear,46
0.30486486486486486,0.30486486486486486,10,FO,Linear,46
0.17908783783783783,0.17908783783783783,20,FO,Linear,46
0.0,0.0,50,FO,Linear,46
0.0,0.0,100,FO,Linear,46
0.0,0.0,200,FO,Linear,46
0.0,0.0,400,FO,Linear,46
0.0,0.0,800,FO,Linear,46
0.4160472972972973,0.41591216216216215,5,WT,Linear,46
0.3781418918918919,0.3783108108108108,10,WT,Linear,46
0.3818581081081081,0.39,20,WT,Linear,46
0.17483108108108109,0.25469594594594597,50,WT,Linear,46
0.17452702702702702,0.21175675675675676,100,WT,Linear,46
0.17388513513513512,0.19304054054054054,200,WT,Linear,46
0.17385135135135135,0.18405405405405406,400,WT,Linear,46
0.17442567567567568,0.17868243243243243,800,WT,Linear,46
0.49760135135135136,0.49760135135135136,5,FO,Protected2,46
0.4975675675675676,0.4975675675675676,10,FO,Protected2,46
0.4919256756756757,0.4918918918918919,20,FO,Protected2,46
0.4964527027027027,0.4802364864864865,50,FO,Protected2,46
0.49277027027027026,0.46175675675675676,100,FO,Protected2,46
0.4823986486486487,0.44280405405405404,200,FO,Protected2,46
0.48364864864864865,0.4207094594594595,400,FO,Protected2,46
0.4634121621621622,0.40581081081081083,800,FO,Protected2,46
0.4898986486486486,0.4898986486486486,5,WT,Protected2,46
0.4897297297297297,0.4896621621621622,10,WT,Protected2,46
0.48864864864864865,0.48783783783783785,20,WT,Protected2,46
0.47743243243243244,0.47361486486486487,50,WT,Protected2,46
0.4703716216216216,0.46445945945945943,100,WT,Protected2,46
0.46368243243243246,0.4539527027027027,200,WT,Protected2,46
0.4482432432432432,0.4409797297297297,400,WT,Protected2,46
0.4459121621621622,0.43787162162162163,800,WT,Protected2,46
