BER_Bob,BER_KPA_CE,BER_KPA_HYB,BER_KPA_LR,BER_KPA_LSTM,BER_KPA_MLP,BER_KPA_TX,option,seed
0.0,0.48405405405405405,0.4260135135135135,0.43358108108108107,0.49722972972972973,0.45263513513513515,0.5006418918918919,FO,42
0.0,0.46010135135135133,0.4581756756756757,0.4553378378378378,0.4995945945945946,0.4710472972972973,0.4883108108108108,WT,42
0.0,0.485777027027027,0.42429054054054055,0.43253378378378377,0.49888513513513516,0.4510472972972973,0.49554054054054053,FO,43
0.0,0.4535135135135135,0.4580743243243243,0.4511486486486487,0.49550675675675676,0.46077702702702705,0.49570945945945943,WT,43
0.0,0.48050675675675675,0.4247972972972973,0.432027027027027,0.5005743243243244,0.45506756756756755,0.5019256756756757,FO,44
0.0,0.46256756756756756,0.45594594594594595,0.4527702702702703,0.49780405405405403,0.46621621621621623,0.49804054054054053,WT,44
0.0,0.4843581081081081,0.43172297297297296,0.43665540540540543,0.4977027027027027,0.45368243243243245,0.4925,FO,45
0.0,0.45844594594594595,0.4589527027027027,0.4516216216216216,0.4935135135135135,0.4699662162162162,0.490472972972973,WT,45
0.00013513513513513514,0.4834459459459459,0.422972972972973,0.43537162162162163,0.49800675675675676,0.4567905405405405,0.49280405405405403,FO,46
0.00013513513513513514,0.46591216216216214,0.4577027027027027,0.4510810810810811,0.49972972972972973,0.4634121621621622,0.49108108108108106,WT,46
