BER_Bob,BER_KPA_CE,BER_KPA_LR,observed_count,observed_set,tap_fraction
0.00010135135135135135,0.4748310810810811,0.46054054054054056,18,outer,0.02
3.3783783783783784e-05,0.46273648648648646,0.45773648648648646,18,outer,0.05
0.0,0.4658445945945946,0.45942567567567566,18,outer,0.1
0.0,0.4666554054054054,0.456722972972973,18,outer,0.2
0.0,0.4622635135135135,0.44344594594594594,30,outer+mid,0.02
0.0,0.4589864864864865,0.44456081081081084,30,outer+mid,0.05
3.3783783783783784e-05,0.4622635135135135,0.43827702702702703,30,outer+mid,0.1
0.0,0.4664189189189189,0.4446283783783784,30,outer+mid,0.2
0.0,0.45658783783783785,0.4324662162162162,37,all,0.02
0.0,0.46216216216216216,0.44222972972972974,37,all,0.05
0.0,0.4741891891891892,0.4341554054054054,37,all,0.1
0.0,0.4808445945945946,0.43972972972972973,37,all,0.2
