BER_KPA_CE_ci95,BER_KPA_CE_mean,BER_KPA_CE_std,BER_KPA_LR_ci95,BER_KPA_LR_mean,BER_KPA_LR_std,n_obs,option,scheme
0.002153841605040989,0.3669864864864865,0.002457212368183115,0.002153841605040989,0.3669864864864865,0.002457212368183115,5,FO,Linear
0.0027321809010861725,0.3026621621621622,0.0031170113375792404,0.0027321809010861725,0.3026621621621622,0.0031170113375792404,10,FO,Linear
0.0028284789822115145,0.17858108108108106,0.003226873100588962,0.0028284789822115145,0.17858108108108106,0.003226873100588962,20,FO,Linear
0.0,0.0,0.0,0.0,0.0,0.0,50,FO,Linear
0.0,0.0,0.0,0.0,0.0,0.0,100,FO,Linear
0.0,0.0,0.0,0.0,0.0,0.0,200,FO,Linear
0.0,0.0,0.0,0.0,0.0,0.0,400,FO,Linear
0.0,0.0,0.0,0.0,0.0,0.0,800,FO,Linear
0.0056848725306980165,0.4064324324324325,0.006485592562276544,0.005625171041632953,0.40654054054054056,0.006417482058242135,5,WT,Linear
0.00416560948146629,0.37808783783783784,0.0047523397797327935,0.004200651544301178,0.37838513513513516,0.004792317552472909,10,WT,Linear
0.007296885219596238,0.36724324324324326,0.008324658864811567,0.005836319985359968,0.3798310810810811,0.006658371543727279,20,WT,Linear
0.0017225993065927304,0.17521621621621622,0.0019652291569057893,0.006039586852582761,0.24368243243243243,0.00689026875428013,50,WT,Linear
0.001954049403755067,0.17370270270270272,0.0022292792337700322,0.003408667776666914,0.2117432432432432,0.0038887820721123937,100,WT,Linear
0.0018437714864850978,0.17345945945945945,0.002103468560590058,0.0024553987267308657,0.1939527027027027,0.0028012441147125746,200,WT,Linear
0.001739519030441479,0.17350000000000002,0.001984532040929425,0.002030634469248233,0.18397297297297296,0.0023166513830067633,400,WT,Linear
0.0018349038026386872,0.17345945945945945,0.002093351854527022,0.001614307351461215,0.17941891891891892,0.001841684170635164,800,WT,Linear
0.0024367999408629482,0.49349999999999994,0.0027800256710903163,0.0024367999408629482,0.49349999999999994,0.0027800256710903163,5,FO,Protected2
0.0021119049453452838,0.49341891891891887,0.00240936888765818,0.0021119049453452838,0.49341891891891887,0.00240936888765818,10,FO,Protected2
0.003206670253158391,0.4869932432432432,0.003658332993616644,0.003198696990922567,0.48698648648648646,0.0036492366893504536,20,FO,Protected2
0.002414370732427226,0.49453378378378376,0.002754437286016956,0.0014709660813777836,0.47950675675675675,0.0016781531380393937,50,FO,Protected2
0.0024227969698365054,0.48856756756756753,0.002764050367466803,0.0043287379503167845,0.45641891891891895,0.004938445058005836,100,FO,Protected2
0.002780790975859995,0.4833378378378379,0.0031724681904290435,0.004472806153499016,0.4358445945945945,0.005102805412960796,200,FO,Protected2
0.0047696051201531805,0.47308108108108105,0.005441408813517125,0.00439324509714228,0.417972972972973,0.005012038101544799,400,FO,Protected2
0.00613874252320888,0.4522500000000001,0.007003390601154917,0.0016437207076604747,0.4042027027027027,0.0018752404277310617,800,FO,Protected2
0.0024133971401380074,0.49199324324324323,0.0027533265622715158,0.0024097899729353333,0.49189864864864863,0.0027492113219289714,5,WT,Protected2
0.0022955243587928953,0.49102702702702705,0.0026188512807487404,0.0022745708815946073,0.4910608108108109,0.002594946485146514,10,WT,Protected2
0.002531601046142502,0.4916959459459459,0.0028881796076960287,0.0032348556541204197,0.49089864864864874,0.003690488336741228,20,WT,Protected2
0.0023530526619272183,0.4819932432432433,0.0026844825034214757,0.002785429033629807,0.4777364864864865,0.0031777595233152024,50,WT,Protected2
0.002536445849146752,0.47357432432432434,0.002893706806091487,0.0021030170195146304,0.4680540540540541,0.002399229088506998,100,WT,Protected2
0.003079422849172044,0.4629527027027027,0.003513162664395292,0.0028835622651058163,0.4563175675675676,0.003289714919454018,200,WT,Protected2
0.003001831663868432,0.45166216216216215,0.003424642682357711,0.002196973826793864,0.4448378378378378,0.0025064198068872083,400,WT,Protected2
0.002366579054404284,0.44459459459459455,0.002699914101926098,0.0007240554765277614,0.4383243243243243,0.0008260394209168765,800,WT,Protected2
