BER_Bob_ci95,BER_Bob_mean,BER_Bob_std,BER_KPA_CE_ci95,BER_KPA_CE_mean,BER_KPA_CE_std,BER_KPA_LR_ci95,BER_KPA_LR_mean,BER_KPA_LR_std,core_count,geometry,option,scheme
0.0,0.0,0.0,0.0,0.0,0.0,0.0,0.0,0.0,13,13-core,FO,Linear
0.0,0.0,0.0,0.0025123555980170404,0.2684423076923077,0.0028662234187848156,0.0023949301974979494,0.2684038461538461,0.002732258532128782,13,13-core,WT,Linear
0.0013669374052320334,0.0008269230769230769,0.0015594719179010223,0.003533198996367029,0.22040384615384614,0.004030853639750362,0.006151726423384391,0.20859615384615382,0.007018203296769975,13,13-core,FO,Protected2
0.0003669922527921638,0.0004615384615384615,0.00041868348186687,0.004214330384736818,0.26976923076923076,0.004807923071384882,0.0025623007874649995,0.27042307692307693,0.002923203438557643,13,13-core,WT,Protected2
0.0,0.0,0.0,0.0,0.0,0.0,0.0,0.0,0.0,19,19-core,FO,Linear
0.0,0.0,0.0,0.003270609624063899,0.10417105263157896,0.0037312782894244442,0.0022591932225067657,0.11197368421052631,0.002577402867261192,19,19-core,WT,Linear
5.6501905932111866e-05,5.263157894736842e-05,6.446025638903101e-05,0.009676862114746268,0.4588157894736842,0.011039857906869913,0.00870435043901019,0.39935526315789477,0.009930366980411696,19,19-core,FO,Protected2
0.0002537348715520814,0.00014473684210526317,0.00028947368421052634,0.008836017158447397,0.43574999999999997,0.010080579090123935,0.004207337450342264,0.42319736842105266,0.0047999451751254835,19,19-core,WT,Protected2
0.0,0.0,0.0,0.0,0.0,0.0,0.0,0.0,0.0,37,37-core,FO,Linear
0.0,0.0,0.0,0.0014189441439199193,0.1752364864864865,0.0016188038582041757,0.0019889041144140426,0.19578378378378378,0.002269043265591234,37,37-core,WT,Linear
0.0,0.0,0.0,0.0029269305317128,0.4850945945945946,0.003339191650168074,0.0047396529632277385,0.43867567567567567,0.0054072378650691505,37,37-core,FO,Protected2
0.0,0.0,0.0,0.0028474759214869283,0.46283108108108106,0.0032485457779278704,0.004246205927320254,0.45520945945945945,0.004844288316301336,37,37-core,WT,Protected2
