BER_Bob,BER_KPA_CE,BER_KPA_LR,core_count,geometry,option,scheme,seed
0.0,0.0,0.0,13,13-core,FO,Linear,42
0.0,0.265,0.26625,13,13-core,WT,Linear,42
0.003942307692307692,0.2276923076923077,0.21759615384615386,13,13-core,FO,Protected2,42
0.0,0.27403846153846156,0.2743269230769231,13,13-core,WT,Protected2,42
0.0,0.0,0.0,19,19-core,FO,Linear,42
0.0,0.10631578947368421,0.11197368421052632,19,19-core,WT,Linear,42
0.0,0.45822368421052634,0.3865789473684211,19,19-core,FO,Protected2,42
0.0,0.4255921052631579,0.42078947368421055,19,19-core,WT,Protected2,42
0.0,0.0,0.0,37,37-core,FO,Linear,42
0.0,0.1760810810810811,0.19783783783783784,37,37-core,WT,Linear,42
0.0,0.48760135135135135,0.43905405405405407,37,37-core,FO,Protected2,42
0.0,0.45797297297297296,0.451722972972973,37,37-core,WT,Protected2,42
0.0,0.0,0.0,13,13-core,FO,Linear,43
0.0,0.26548076923076924,0.27163461538461536,13,13-core,WT,Linear,43
0.0,0.22115384615384615,0.20403846153846153,13,13-core,FO,Protected2,43
0.0004807692307692308,0.26653846153846156,0.26596153846153847,13,13-core,WT,Protected2,43
0.0,0.0,0.0,19,19-core,FO,Linear,43
0.0,0.10710526315789473,0.11625,19,19-core,WT,Linear,43
0.0,0.4575,0.3948684210526316,19,19-core,FO,Protected2,43
0.0,0.44296052631578947,0.42736842105263156,19,19-core,WT,Protected2,43
0.0,0.0,0.0,37,37-core,FO,Linear,43
0.0,0.17398648648648649,0.1935135135135135,37,37-core,WT,Linear,43
0.0,0.48672297297297296,0.4351689189189189,37,37-core,FO,Protected2,43
0.0,0.46219594594594593,0.4506418918918919,37,37-core,WT,Protected2,43
0.0,0.0,0.0,13,13-core,FO,Linear,44
0.0,0.2714423076923077,0.2642307692307692,13,13-core,WT,Linear,44
0.0001923076923076923,0.21759615384615386,0.1976923076923077,13,13-core,FO,Protected2,44
0.0,0.2678846153846154,0.27115384615384613,13,13-core,WT,Protected2,44
0.0,0.0,0.0,19,19-core,FO,Linear,44
0.0,0.09697368421052631,0.1081578947368421,19,19-core,WT,Linear,44
0.00013157894736842105,0.46407894736842104,0.4116447368421053,19,19-core,FO,Protected2,44
0.0007236842105263158,0.45092105263157894,0.4294078947368421,19,19-core,WT,Protected2,44
0.0,0.0,0.0,37,37-core,FO,Linear,44
0.0,0.17722972972972972,0.19861486486486488,37,37-core,WT,Linear,44
0.0,0.48162162162162164,0.4485810810810811,37,37-core,FO,Protected2,44
0.0,0.46320945945945946,0.4547635135135135,37,37-core,WT,Protected2,44
0.0,0.0,0.0,13,13-core,FO,Linear,45
0.0,0.2718269230769231,0.2698076923076923,13,13-core,WT,Linear,45
0.0,0.21951923076923077,0.21336538461538462,13,13-core,FO,Protected2,45
0.0007692307692307692,0.26375,0.27221153846153845,13,13-core,WT,Protected2,45
0.0,0.0,0.0,19,19-core,FO,Linear,45
0.0,0.10414473684210526,0.11138157894736841,19,19-core,WT,Linear,45
0.00013157894736842105,0.47407894736842104,0.41039473684210526,19,19-core,FO,Protected2,45
0.0,0.43453947368421053,0.4225,19,19-core,WT,Protected2,45
0.0,0.0,0.0,37,37-core,FO,Linear,45
0.0,0.17277027027027028,0.1929054054054054,37,37-core,WT,Linear,45
0.0,0.4889189189189189,0.43277027027027026,37,37-core,FO,Protected2,45
0.0,0.4681756756756757,0.4643581081081081,37,37-core,WT,Protected2,45
0.0,0.0,0.0,13,13-core,FO,Linear,46
0.0,0.2684615384615385,0.2700961538461538,13,13-core,WT,Linear,46
0.0,0.2160576923076923,0.21028846153846154,13,13-core,FO,Protected2,46
0.0010576923076923077,0.27663461538461537,0.2684615384615385,13,13-core,WT,Protected2,46
0.0,0.0,0.0,19,19-core,FO,Linear,46
0.0,0.10631578947368421,0.11210526315789474,19,19-core,WT,Linear,46
0.0,0.4401973684210526,0.3932894736842105,19,19-core,FO,Protected2,46
0.0,0.42473684210526313,0.41592105263157897,19,19-core,WT,Protected2,46
0.0,0.0,0.0,37,37-core,FO,Linear,46
0.0,0.17611486486486486,0.1960472972972973,37,37-core,WT,Linear,46
0.0,0.4806081081081081,0.43780405405405404,37,37-core,FO,Protected2,46
0.0,0.46260135135135133,0.4545608108108108,37,37-core,WT,Protected2,46
